Workbook
Name Amount_Paid: 'MC Invoice Report'!$J$5:$J$88
Name Bank_Details: 'MC Invoice Report'!$G$5:$G$88
Name Due_Date: 'MC Invoice Report'!$E$5:$E$88
Name Flat_Rate: 5
Name Invoice_Date: 'MC Invoice Report'!$D$5:$D$88
Name Invoice_Day: 'MC Invoice Report'!$L$5:$L$88
Name Invoice_Month: 'MC Invoice Report'!$K$5:$K$88
Name Late_Charge: 'MC Invoice Report'!$N$5:$N$88
Name Location: 'MC Invoice Report'!$I$5:$I$88
Name Over_Due_By: 'MC Invoice Report'!$M$5:$M$88
Name Payment_Date: 'MC Invoice Report'!$F$5:$F$88
Name Payment_No.: 'MC Invoice Report'!$C$5:$C$88
Name Payment_Ref: 'MC Invoice Report'!$A$5:$A$88
Name Penalty_Rate: 'MC Invoice Report'!$N$2
Name PO_Number: 'MC Invoice Report'!$H$5:$H$88
Name Supplier_Code: 'MC Invoice Report'!$B$5:$B$88

Sheet Supplier Invoice Statement
A1: Document No | B1: Payment No. | C1: Paid | D1: Invoiced | E1: Inv/cr | F1: Paid Amount | G1: Customer PO | H1: ABN | I1: Acct | J1: Check | K1: Payment No | L1: Bank Details | M1: Inv Month | N1: PO Number | O1: Location | P1: Type | Q1: $ Amount | R1: Invoice Date | S1: Paid Date | V1: Total Paid:
A2: 24673 | B2: 1 | C2: Apr 17 | D2: Mar-02 | E2: INV_x000C_ | F2: S 742.50 | G2: PO-Sydney-223809 | H2: 1641 | I2: 7654320 | J2: 72 | K2: =CONCATENATE(A2,"_",B2) -> 24673_1 | L2: =H2&"-"&I2&"-"&J2 -> 1641-7654320-72 | M2: =LEFT(D2,3) -> Mar | N2: =RIGHT(G2,6) -> 223809 | O2: =MID(G2,4,FIND("-",G2,4)-4) -> Sydney | P2: =UPPER(TRIM(CLEAN(E2))) -> INV | Q2: =VALUE(SUBSTITUTE(SUBSTITUTE(F2,"S","$"),CHAR(160),"")) -> 742.5 | R2: =DATE(2020,MONTH(1&M2),RIGHT(D2,2)) -> 43892 | S2: =DATE(2020,4,RIGHT(C2,2)) -> 43938 | V2: Payments:
A3: 24673 | B3: 1 | C3: Apr 20 | D3: Apr 01 | E3: inv_x000C_ | F3: S 1021.02 | G3: PO-Melbourne-327600 | H3: 2554 | I3: 4551221 | J3: 33 | K3: =CONCATENATE(A3,"_",B3) -> 24673_1 | L3: =H3&"-"&I3&"-"&J3 -> 2554-4551221-33 | M3: =LEFT(D3,3) -> Apr | N3: =RIGHT(G3,6) -> 327600 | O3: =MID(G3,4,FIND("-",G3,4)-4) -> Melbourne | P3: =UPPER(TRIM(CLEAN(E3))) -> INV | Q3: =VALUE(SUBSTITUTE(SUBSTITUTE(F3,"S","$"),CHAR(160),"")) -> 1021.02 | R3: =DATE(2020,MONTH(1&M3),RIGHT(D3,2)) -> 43922 | S3: =DATE(2020,4,RIGHT(C3,2)) -> 43941
A4: 24675 | B4: 1 | C4: Apr 05 | D4: Mar 16 | E4: INV_x000C_ | F4: S 409.53 | G4: PO-Melbourne-332589 | H4: 2554 | I4: 4551221 | J4: 33 | K4: =CONCATENATE(A4,"_",B4) -> 24675_1 | L4: =H4&"-"&I4&"-"&J4 -> 2554-4551221-33 | M4: =LEFT(D4,3) -> Mar | N4: =RIGHT(G4,6) -> 332589 | O4: =MID(G4,4,FIND("-",G4,4)-4) -> Melbourne | P4: =UPPER(TRIM(CLEAN(E4))) -> INV | Q4: =VALUE(SUBSTITUTE(SUBSTITUTE(F4,"S","$"),CHAR(160),"")) -> 409.53 | R4: =DATE(2020,MONTH(1&M4),RIGHT(D4,2)) -> 43906 | S4: =DATE(2020,4,RIGHT(C4,2)) -> 43926
A5: 24676 | B5: 1 | C5: Apr 20 | D5: Mar 25 | E5: cr _x000C_ | F5: S 234.96 | G5: PO-Melbourne-337131 | H5: 2554 | I5: 4551221 | J5: 33 | K5: =CONCATENATE(A5,"_",B5) -> 24676_1 | L5: =H5&"-"&I5&"-"&J5 -> 2554-4551221-33 | M5: =LEFT(D5,3) -> Mar | N5: =RIGHT(G5,6) -> 337131 | O5: =MID(G5,4,FIND("-",G5,4)-4) -> Melbourne | P5: =UPPER(TRIM(CLEAN(E5))) -> CR | Q5: =VALUE(SUBSTITUTE(SUBSTITUTE(F5,"S","$"),CHAR(160),"")) -> 234.96 | R5: =DATE(2020,MONTH(1&M5),RIGHT(D5,2)) -> 43915 | S5: =DATE(2020,4,RIGHT(C5,2)) -> 43941
A6: 24677 | B6: 1 | C6: Apr 10 | D6: Mar 17 | E6: cr_x000C_ | F6: S 450.12 | G6: PO-Melbourne-319376 | H6: 2554 | I6: 4551221 | J6: 33 | K6: =CONCATENATE(A6,"_",B6) -> 24677_1 | L6: =H6&"-"&I6&"-"&J6 -> 2554-4551221-33 | M6: =LEFT(D6,3) -> Mar | N6: =RIGHT(G6,6) -> 319376 | O6: =MID(G6,4,FIND("-",G6,4)-4) -> Melbourne | P6: =UPPER(TRIM(CLEAN(E6))) -> CR | Q6: =VALUE(SUBSTITUTE(SUBSTITUTE(F6,"S","$"),CHAR(160),"")) -> 450.12 | R6: =DATE(2020,MONTH(1&M6),RIGHT(D6,2)) -> 43907 | S6: =DATE(2020,4,RIGHT(C6,2)) -> 43931
A7: 24679 | B7: 1 | C7: Apr 30 | D7: Apr 09 | E7: inv_x000C_ | F7: S 114.18 | G7: PO-Melbourne-334724 | H7: 2554 | I7: 4551221 | J7: 33 | K7: =CONCATENATE(A7,"_",B7) -> 24679_1 | L7: =H7&"-"&I7&"-"&J7 -> 2554-4551221-33 | M7: =LEFT(D7,3) -> Apr | N7: =RIGHT(G7,6) -> 334724 | O7: =MID(G7,4,FIND("-",G7,4)-4) -> Melbourne | P7: =UPPER(TRIM(CLEAN(E7))) -> INV | Q7: =VALUE(SUBSTITUTE(SUBSTITUTE(F7,"S","$"),CHAR(160),"")) -> 114.18 | R7: =DATE(2020,MONTH(1&M7),RIGHT(D7,2)) -> 43930 | S7: =DATE(2020,4,RIGHT(C7,2)) -> 43951
A8: 24679 | B8: 2 | C8: Apr 30 | D8: Mar 23 | E8: inv _x000C_ | F8: S 930.93 | G8: PO-Melbourne-310607 | H8: 2554 | I8: 4551221 | J8: 33 | K8: =CONCATENATE(A8,"_",B8) -> 24679_2 | L8: =H8&"-"&I8&"-"&J8 -> 2554-4551221-33 | M8: =LEFT(D8,3) -> Mar | N8: =RIGHT(G8,6) -> 310607 | O8: =MID(G8,4,FIND("-",G8,4)-4) -> Melbourne | P8: =UPPER(TRIM(CLEAN(E8))) -> INV | Q8: =VALUE(SUBSTITUTE(SUBSTITUTE(F8,"S","$"),CHAR(160),"")) -> 930.93 | R8: =DATE(2020,MONTH(1&M8),RIGHT(D8,2)) -> 43913 | S8: =DATE(2020,4,RIGHT(C8,2)) -> 43951
A9: 24680 | B9: 1 | C9: Apr 14 | D9: Mar 27 | E9: inv_x000C_ | F9: S 466.29 | G9: PO-Sydney-226225 | H9: 1641 | I9: 7654320 | J9: 72 | K9: =CONCATENATE(A9,"_",B9) -> 24680_1 | L9: =H9&"-"&I9&"-"&J9 -> 1641-7654320-72 | M9: =LEFT(D9,3) -> Mar | N9: =RIGHT(G9,6) -> 226225 | O9: =MID(G9,4,FIND("-",G9,4)-4) -> Sydney | P9: =UPPER(TRIM(CLEAN(E9))) -> INV | Q9: =VALUE(SUBSTITUTE(SUBSTITUTE(F9,"S","$"),CHAR(160),"")) -> 466.29 | R9: =DATE(2020,MONTH(1&M9),RIGHT(D9,2)) -> 43917 | S9: =DATE(2020,4,RIGHT(C9,2)) -> 43935
A10: 24683 | B10: 1 | C10: Apr 27 | D10: Mar 22 | E10: inv_x000C_ | F10: S 222.42 | G10: PO-Sydney-223858 | H10: 1641 | I10: 7654320 | J10: 72 | K10: =CONCATENATE(A10,"_",B10) -> 24683_1 | L10: =H10&"-"&I10&"-"&J10 -> 1641-7654320-72 | M10: =LEFT(D10,3) -> Mar | N10: =RIGHT(G10,6) -> 223858 | O10: =MID(G10,4,FIND("-",G10,4)-4) -> Sydney | P10: =UPPER(TRIM(CLEAN(E10))) -> INV | Q10: =VALUE(SUBSTITUTE(SUBSTITUTE(F10,"S","$"),CHAR(160),"")) -> 222.42 | R10: =DATE(2020,MONTH(1&M10),RIGHT(D10,2)) -> 43912 | S10: =DATE(2020,4,RIGHT(C10,2)) -> 43948
A11: 24685 | B11: 1 | C11: Apr 11 | D11: Mar 09 | E11: INV_x000C_ | F11: S 679.80 | G11: PO-Sydney-211781 | H11: 1641 | I11: 7654320 | J11: 72 | K11: =CONCATENATE(A11,"_",B11) -> 24685_1 | L11: =H11&"-"&I11&"-"&J11 -> 1641-7654320-72 | M11: =LEFT(D11,3) -> Mar | N11: =RIGHT(G11,6) -> 211781 | O11: =MID(G11,4,FIND("-",G11,4)-4) -> Sydney | P11: =UPPER(TRIM(CLEAN(E11))) -> INV | Q11: =VALUE(SUBSTITUTE(SUBSTITUTE(F11,"S","$"),CHAR(160),"")) -> 679.8 | R11: =DATE(2020,MONTH(1&M11),RIGHT(D11,2)) -> 43899 | S11: =DATE(2020,4,RIGHT(C11,2)) -> 43932
A12: 24690 | B12: 1 | C12: Apr 23 | D12: Apr 04 | E12: inv_x000C_ | F12: S 171.93 | G12: PO-Sydney-232805 | H12: 1641 | I12: 7654320 | J12: 72 | K12: =CONCATENATE(A12,"_",B12) -> 24690_1 | L12: =H12&"-"&I12&"-"&J12 -> 1641-7654320-72 | M12: =LEFT(D12,3) -> Apr | N12: =RIGHT(G12,6) -> 232805 | O12: =MID(G12,4,FIND("-",G12,4)-4) -> Sydney | P12: =UPPER(TRIM(CLEAN(E12))) -> INV | Q12: =VALUE(SUBSTITUTE(SUBSTITUTE(F12,"S","$"),CHAR(160),"")) -> 171.93 | R12: =DATE(2020,MONTH(1&M12),RIGHT(D12,2)) -> 43925 | S12: =DATE(2020,4,RIGHT(C12,2)) -> 43944
A13: 24693 | B13: 1 | C13: Apr 06 | D13: Feb 24 | E13: Inv_x000C_ | F13: S 623.70 | G13: PO-Melbourne-312187 | H13: 2554 | I13: 4551221 | J13: 33 | K13: =CONCATENATE(A13,"_",B13) -> 24693_1 | L13: =H13&"-"&I13&"-"&J13 -> 2554-4551221-33 | M13: =LEFT(D13,3) -> Feb | N13: =RIGHT(G13,6) -> 312187 | O13: =MID(G13,4,FIND("-",G13,4)-4) -> Melbourne | P13: =UPPER(TRIM(CLEAN(E13))) -> INV | Q13: =VALUE(SUBSTITUTE(SUBSTITUTE(F13,"S","$"),CHAR(160),"")) -> 623.7 | R13: =DATE(2020,MONTH(1&M13),RIGHT(D13,2)) -> 43885 | S13: =DATE(2020,4,RIGHT(C13,2)) -> 43927
A14: 24697 | B14: 1 | C14: Apr 24 | D14: Mar 29 | E14: inv_x000C_ | F14: S 221.10 | G14: PO-Melbourne-319790 | H14: 2554 | I14: 4551221 | J14: 33 | K14: =CONCATENATE(A14,"_",B14) -> 24697_1 | L14: =H14&"-"&I14&"-"&J14 -> 2554-4551221-33 | M14: =LEFT(D14,3) -> Mar | N14: =RIGHT(G14,6) -> 319790 | O14: =MID(G14,4,FIND("-",G14,4)-4) -> Melbourne | P14: =UPPER(TRIM(CLEAN(E14))) -> INV | Q14: =VALUE(SUBSTITUTE(SUBSTITUTE(F14,"S","$"),CHAR(160),"")) -> 221.1 | R14: =DATE(2020,MONTH(1&M14),RIGHT(D14,2)) -> 43919 | S14: =DATE(2020,4,RIGHT(C14,2)) -> 43945
... A85: 24902 | B85: 1 | C85: Apr 12 | D85: Mar 25 | E85: inv_x000C_ | F85: S 533.28 | G85: PO-Sydney-213342 | H85: 1641 | I85: 7654320 | J85: 72 | K85: =CONCATENATE(A85,"_",B85) -> 24902_1 | L85: =H85&"-"&I85&"-"&J85 -> 1641-7654320-72 | M85: =LEFT(D85,3) -> Mar | N85: =RIGHT(G85,6) -> 213342 | O85: =MID(G85,4,FIND("-",G85,4)-4) -> Sydney | P85: =UPPER(TRIM(CLEAN(E85))) -> INV | Q85: =VALUE(SUBSTITUTE(SUBSTITUTE(F85,"S","$"),CHAR(160),"")) -> 533.28 | R85: =DATE(2020,MONTH(1&M85),RIGHT(D85,2)) -> 43915 | S85: =DATE(2020,4,RIGHT(C85,2)) -> 43933

Sheet MC Invoice Report
A1: System Report for MedsCo April 2020
A2: System Date: | B2: =TODAY() -> 46307 | J2: Location: | M2: Penalty Rate: | N2: 0.0036
A4: Payment Ref | B4: Supplier Code | C4: Payment No. | D4: Invoice Date | E4: Due Date | F4: Payment Date | G4: Bank Details | H4: PO Number | I4: Location | J4: Amount | K4: Invoice Month | L4: Invoice Day | M4: Over Due By | N4: Late Charge
A5: 24673_1 | B5: MC2741 | C5: =545671 -> 545671 | D5: 43892 | E5: =WORKDAY(EDATE(D5,1)-1,1) -> 43923 | F5: 43938 | G5: 1641-7654320-72 | H5: 223809 | I5: Sydney | J5: 742.5 | K5: =TEXT(D5,"MMM") -> Mar | L5: =DAY(D5) -> 2 | M5: =IF(F5>E5,NETWORKDAYS(E5,F5,'NSW Holidays 2020'!$A$4:$A$15),0) -> 10 | N5: =J5*M5*Penalty_Rate+Flat_Rate -> 31.73
A6: 24673_1 | B6: MC2741 | C6: 545672 | D6: 43923 | E6: =WORKDAY(EDATE(D6,1)-1,1) -> 43955 | F6: 43941 | G6: 2554-4551221-33 | H6: 327600 | I6: Melbourne | J6: 1021.02 | K6: =TEXT(D6,"MMM") -> Apr | L6: =DAY(D6) -> 2 | M6: =IF(F6>E6,NETWORKDAYS(E6,F6,'NSW Holidays 2020'!$A$4:$A$15),0) -> 0 | N6: =J6*M6*Penalty_Rate+Flat_Rate -> 5
A7: 24675_1 | B7: MC2741 | C7: 545674 | D7: 43906 | E7: =WORKDAY(EDATE(D7,1)-1,1) -> 43937 | F7: 43926 | G7: 2554-4551221-33 | H7: 332589 | I7: Melbourne | J7: 409.53 | K7: =TEXT(D7,"MMM") -> Mar | L7: =DAY(D7) -> 16 | M7: =IF(F7>E7,NETWORKDAYS(E7,F7,'NSW Holidays 2020'!$A$4:$A$15),0) -> 0 | N7: =J7*M7*Penalty_Rate+Flat_Rate -> 5
A8: 24676_1 | B8: MC2741 | C8: 545676 | D8: 43915 | E8: =WORKDAY(EDATE(D8,1)-1,1) -> 43948 | F8: 43941 | G8: 2554-4551221-33 | H8: 337131 | I8: Melbourne | J8: -234.96 | K8: =TEXT(D8,"MMM") -> Mar | L8: =DAY(D8) -> 25 | M8: =IF(F8>E8,NETWORKDAYS(E8,F8,'NSW Holidays 2020'!$A$4:$A$15),0) -> 0 | N8: =J8*M8*Penalty_Rate+Flat_Rate -> 5
A9: 24677_1 | B9: MC2741 | C9: 545677 | D9: 43907 | E9: =WORKDAY(EDATE(D9,1)-1,1) -> 43938 | F9: 43931 | G9: 2554-4551221-33 | H9: 319376 | I9: Melbourne | J9: -450.12 | K9: =TEXT(D9,"MMM") -> Mar | L9: =DAY(D9) -> 17 | M9: =IF(F9>E9,NETWORKDAYS(E9,F9,'NSW Holidays 2020'!$A$4:$A$15),0) -> 0 | N9: =J9*M9*Penalty_Rate+Flat_Rate -> 5
A10: 24679_1 | B10: MC2741 | C10: 545678 | D10: 43930 | E10: =WORKDAY(EDATE(D10,1)-1,1) -> 43962 | F10: 43951 | G10: 2554-4551221-33 | H10: 334724 | I10: Melbourne | J10: 114.18 | K10: =TEXT(D10,"MMM") -> Apr | L10: =DAY(D10) -> 9 | M10: =IF(F10>E10,NETWORKDAYS(E10,F10,'NSW Holidays 2020'!$A$4:$A$15),0) -> 0 | N10: =J10*M10*Penalty_Rate+Flat_Rate -> 5
A11: 24679_2 | B11: MC2741 | C11: 545679 | D11: 43913 | E11: =WORKDAY(EDATE(D11,1)-1,1) -> 43944 | F11: 43951 | G11: 2554-4551221-33 | H11: 310607 | I11: Melbourne | J11: 930.93 | K11: =TEXT(D11,"MMM") -> Mar | L11: =DAY(D11) -> 23 | M11: =IF(F11>E11,NETWORKDAYS(E11,F11,'NSW Holidays 2020'!$A$4:$A$15),0) -> 6 | N11: =J11*M11*Penalty_Rate+Flat_Rate -> 25.108088
A12: 24680_1 | B12: MC2741 | C12: 545681 | D12: 43917 | E12: =WORKDAY(EDATE(D12,1)-1,1) -> 43948 | F12: 43935 | G12: 1641-7654320-72 | H12: 226225 | I12: Sydney | J12: 466.29 | K12: =TEXT(D12,"MMM") -> Mar | L12: =DAY(D12) -> 27 | M12: =IF(F12>E12,NETWORKDAYS(E12,F12,'NSW Holidays 2020'!$A$4:$A$15),0) -> 0 | N12: =J12*M12*Penalty_Rate+Flat_Rate -> 5
A13: 24683_1 | B13: MC2741 | C13: 545682 | D13: 43912 | E13: =WORKDAY(EDATE(D13,1)-1,1) -> 43943 | F13: 43948 | G13: 1641-7654320-72 | H13: 223858 | I13: Sydney | J13: 222.42 | K13: =TEXT(D13,"MMM") -> Mar | L13: =DAY(D13) -> 22 | M13: =IF(F13>E13,NETWORKDAYS(E13,F13,'NSW Holidays 2020'!$A$4:$A$15),0) -> 4 | N13: =J13*M13*Penalty_Rate+Flat_Rate -> 8.202848
A14: 24685_1 | B14: MC2741 | C14: 545683 | D14: 43899 | E14: =WORKDAY(EDATE(D14,1)-1,1) -> 43930 | F14: 43932 | G14: 1641-7654320-72 | H14: 211781 | I14: Sydney | J14: 679.8 | K14: =TEXT(D14,"MMM") -> Mar | L14: =DAY(D14) -> 9 | M14: =IF(F14>E14,NETWORKDAYS(E14,F14,'NSW Holidays 2020'!$A$4:$A$15),0) -> 1 | N14: =J14*M14*Penalty_Rate+Flat_Rate -> 7.44728
A15: 24690_1 | B15: MC2741 | C15: 545685 | D15: 43925 | E15: =WORKDAY(EDATE(D15,1)-1,1) -> 43955 | F15: 43944 | G15: 1641-7654320-72 | H15: 232805 | I15: Sydney | J15: 171.93 | K15: =TEXT(D15,"MMM") -> Apr | L15: =DAY(D15) -> 4 | M15: =IF(F15>E15,NETWORKDAYS(E15,F15,'NSW Holidays 2020'!$A$4:$A$15),0) -> 0 | N15: =J15*M15*Penalty_Rate+Flat_Rate -> 5
A16: 24693_1 | B16: MC2741 | C16: 545687 | D16: 43885 | E16: =WORKDAY(EDATE(D16,1)-1,1) -> 43914 | F16: 43927 | G16: 2554-4551221-33 | H16: 312187 | I16: Melbourne | J16: 623.7 | K16: =TEXT(D16,"MMM") -> Feb | L16: =DAY(D16) -> 24 | M16: =IF(F16>E16,NETWORKDAYS(E16,F16,'NSW Holidays 2020'!$A$4:$A$15),0) -> 10 | N16: =J16*M16*Penalty_Rate+Flat_Rate -> 27.4532
A17: 24697_1 | B17: MC2741 | C17: 545689 | D17: 43919 | E17: =WORKDAY(EDATE(D17,1)-1,1) -> 43950 | F17: 43945 | G17: 2554-4551221-33 | H17: 319790 | I17: Melbourne | J17: 221.1 | K17: =TEXT(D17,"MMM") -> Mar | L17: =DAY(D17) -> 29 | M17: =IF(F17>E17,NETWORKDAYS(E17,F17,'NSW Holidays 2020'!$A$4:$A$15),0) -> 0 | N17: =J17*M17*Penalty_Rate+Flat_Rate -> 5
... A88: 24902_1 | B88: MC2741 | C88: 545790 | D88: 43915 | E88: =WORKDAY(EDATE(D88,1)-1,1) -> 43948 | F88: 43933 | G88: 1641-7654320-72 | H88: 213342 | I88: Sydney | J88: 533.28 | K88: =TEXT(D88,"MMM") -> Mar | L88: =DAY(D88) -> 25 | M88: =IF(F88>E88,NETWORKDAYS(E88,F88,'NSW Holidays 2020'!$A$4:$A$15),0) -> 0 | N88: =J88*M88*Penalty_Rate+Flat_Rate -> 5

Sheet Recon Analysis
A1: Analysis for MedsCo April 2020
A3: Supplier Statement Total: | B3: =SUM('Supplier Invoice Statement'!Q2:Q85) -> 48282.63
A4: DC Report Total Paid: | B4: =SUM(Amount_Paid) -> 45711.93
A5: Difference: | B5: =B3-B4 -> 2570.7
A7: Locations | B7: Number of Invoices | C7: Total Paid | D7: Days Overdue | E7: Late Charge
A8: Sydney | B8: =COUNTIFS(Location,A8) -> 40 | C8: =SUMIFS(Amount_Paid,Location,A8) -> 24082.74
A9: Melbourne | B9: =COUNTIFS(Location,A9) -> 44 | C9: =SUMIFS(Amount_Paid,Location,A9) -> 21629.19

Sheet NSW Holidays 2020
A1: Holidays in NSW 2020
A3: Date | B3: Day | C3: Holiday
A4: 43831 | B4: =TEXT(A4,"ddd") -> Wed | C4: New Year's Day
A5: 43857 | B5: =TEXT(A5,"ddd") -> Mon | C5: Australia Day Holiday
A6: 43931 | B6: =TEXT(A6,"ddd") -> Fri | C6: Good Friday
A7: 43932 | B7: =TEXT(A7,"ddd") -> Sat | C7: Day following Good Friday
A8: 43933 | B8: =TEXT(A8,"ddd") -> Sun | C8: Easter Sunday
A9: 43934 | B9: =TEXT(A9,"ddd") -> Mon | C9: Easter Monday
A10: 43946 | B10: =TEXT(A10,"ddd") -> Sat | C10: Anzac Day
A11: 43990 | B11: =TEXT(A11,"ddd") -> Mon | C11: Queen's Birthday
A12: 44109 | B12: =TEXT(A12,"ddd") -> Mon | C12: Labour Day
A13: 44190 | B13: =TEXT(A13,"ddd") -> Fri | C13: Christmas Day
A14: 44191 | B14: =TEXT(A14,"ddd") -> Sat | C14: Boxing Day
A15: 44193 | B15: =TEXT(A15,"ddd") -> Mon | C15: Boxing Day Holiday
A19: Key for specifying non-working days
A20: Code | B20: Non-working days
A21: 1 or omitted | B21: Saturday, Sunday
A22: 2 | B22: Sunday, Monday
A23: 3 | B23: Monday, Tuesday
A24: 4 | B24: Tuesday, Wednesday
A25: 5 | B25: Wednesday, Thursday
A26: 6 | B26: Thursday, Friday
A27: 7 | B27: Friday, Saturday
A28: 11 | B28: Sunday only
A29: 12 | B29: Monday only
A30: 13 | B30: Tuesday only
A31: 14 | B31: Wednesday only
A32: 15 | B32: Thursday only
A33: 16 | B33: Friday only
A34: 17 | B34: Saturday only
A35: Or use seven character long code where each character is a day of the week, starting with Monday. 1 represents a non-workday and 0 represents a workday.

Sheet Demo Data
A1: 24673 | B1: 1 | C1: May 06 | D1: Apr 05 | E1: INV_x000C_ | F1: S 297.27 | G1: PO-Sydney-223809 | H1: 1641 | I1: 7654320 | J1: 72 | K1: 24673_1
A2: 24673 | B2: 1 | C2: May 06 | D2: May 06 | E2: inv_x000C_ | F2: S 932.55 | G2: PO-Melbourne-327600 | H2: 2554 | I2: 4551221 | J2: 33 | K2: 24673_1
A3: 24675 | B3: 1 | C3: May 06 | D3: Apr 05 | E3: INV_x000C_ | F3: S 827.46 | G3: PO-Melbourne-332589 | H3: 2554 | I3: 4551221 | J3: 33 | K3: 24675_1
A4: 24676 | B4: 1 | C4: May 06 | D4: Apr 05 | E4: cr _x000C_ | F4: S 306.34 | G4: PO-Melbourne-337131 | H4: 2554 | I4: 4551221 | J4: 33 | K4: 24676_1
A5: 24677 | B5: 1 | C5: May 06 | D5: Apr 05 | E5: cr_x000C_ | F5: S 561.88 | G5: PO-Melbourne-319376 | H5: 2554 | I5: 4551221 | J5: 33 | K5: 24677_1
A6: 24679 | B6: 1 | C6: May 06 | D6: May 06 | E6: inv_x000C_ | F6: S 1098.70 | G6: PO-Melbourne-334724 | H6: 2554 | I6: 4551221 | J6: 33 | K6: 24679_1
A7: 24679 | B7: 2 | C7: May 06 | D7: Apr 05 | E7: inv _x000C_ | F7: S 1370.15 | G7: PO-Melbourne-310607 | H7: 2554 | I7: 4551221 | J7: 33 | K7: 24679_2
A8: 24680 | B8: 1 | C8: May 06 | D8: Apr 05 | E8: inv_x000C_ | F8: S 663.14 | G8: PO-Sydney-226225 | H8: 1641 | I8: 7654320 | J8: 72 | K8: 24680_1
A9: 24683 | B9: 1 | C9: May 06 | D9: Apr 05 | E9: inv_x000C_ | F9: S 139.85 | G9: PO-Sydney-223858 | H9: 1641 | I9: 7654320 | J9: 72 | K9: 24683_1
A10: 24685 | B10: 1 | C10: May 06 | D10: Apr 05 | E10: INV_x000C_ | F10: S 343.20 | G10: PO-Sydney-211781 | H10: 1641 | I10: 7654320 | J10: 72 | K10: 24685_1
A11: 24690 | B11: 1 | C11: May 06 | D11: May 06 | E11: inv_x000C_ | F11: S 1427.29 | G11: PO-Sydney-232805 | H11: 1641 | I11: 7654320 | J11: 72 | K11: 24690_1
A12: 24693 | B12: 1 | C12: May 06 | D12: Mar 07 | E12: Inv_x000C_ | F12: S 1286.65 | G12: PO-Melbourne-312187 | H12: 2554 | I12: 4551221 | J12: 33 | K12: 24693_1
... A19: 24717 | B19: 1 | C19: May 06 | D19: Apr 05 | E19: inv_x000C_ | F19: S 702.87 | G19: PO-Sydney-213670 | H19: 1641 | I19: 7654320 | J19: 72 | K19: 24717_1
