Workbook

Sheet Instructions
I2: Excel Skills for Data Analytics and Visualization
I3: Course 1 — Excel Fundamentals for Data Analysis
I5: Week 2 Practice Challenge
B8: Instructions
B9: All the following instructions are to be carried out in the HR Performance Reviews sheet. To get help with the more difficult questions click on the Hint to the right.
B11: 1) | C11: In I2 use a function to return the current date.
B13: 2a) | C13: In F5, using what we learned last week, extract just the rating from E5, i.e. "7"
B14: b) | C14: Convert the result in F5 to a number and copy the formula down.
B16: 3) | C16: In H5 use a function to calculate the name of the month in which Stevie was born, i.e. "December". Copy the formula down.
B18: 4) | C18: In I5 use a single function to extract just the year of birth (as a number not text). Copy the formula down.
B20: 5a) | C20: In J5, using the current date and birthdate calculate Stevie's age in years.
B21: b) | C21: Neaten up the result in J5 by applying a ROUNDDOWN function (covered in toolbox) and copy the formula down.
B23: 6) | C23: In L5 Calculate years of service and copy the formula down.
B25: 7a) | C25: The next review date should be set for a year after the previous review. In N5 calculate the Next Review Date.
B26: b) | C26: Adjust the calculation in N5 so that the Next Review Date falls on the next workday after the calculated date if it's not a workday (ignore holidays). Copy Down.
B28: 8a) | C28: Review Reminders are issued on the first day of the month of the review. In O5 use an EOMONTH function to calculate the reminder date.
B29: b) | C29: Adjust the calculation in O5 so that it falls on a workday (ignore holidays). Copy Down.
... B33: 10) | C33: In O2 calculate how many working days there have been in the year so far (up to the current date ignoring holidays).
B35: The answers will vary with the current date, to check your answers please consult the solution file provided.

Sheet HR Performance Reviews
A1: ZenCo Performance Reviews
E2: Average Rating: | F2: =AVERAGE(F5:F39) -> 5.7142857 | H2: Current Date: | I2: =NOW() -> 46303.504 | K2: Start of Year: | L2: =EOMONTH(EDATE('HR Performance Reviews'!I2,-10),0)+1 -> 46023 | N2: Workdays : | O2: =NETWORKDAYS(L2,I2) -> 201
A4: Emp ID | B4: Full Name | C4: Email | D4: Department | E4: Last Rating | F4: Rating Conv | G4: Birthdate | H4: Birth Month | I4: Birth Year | J4: Age | K4: Date of Hire | L4: Years Service | M4: Last Review | N4: Next Review | O4: Reminder
A5: F1180 | B5: Stevie Bacata | C5: sbacata@zenco.com | D5: Sales | E5: 7 out of 10 | F5: =VALUE(LEFT(E5,1)) -> 7 | G5: 32138 | H5: =TEXT(G5,"MMMM") -> December | I5: =YEAR(G5) -> 1987 | J5: =(NOW()-G5)/365.25 -> 38.783037 | K5: 42838 | L5: =ROUNDDOWN((NOW()-K5)/365.25,0) -> 9 | M5: 44040 | N5: =WORKDAY(EDATE('HR Performance Reviews'!M5,12)-1,1) -> 44405 | O5: =WORKDAY(EOMONTH(N5,-1)+1-1,1) -> 44378
A6: F1110 | B6: Adam Barry | C6: abarry@zenco.com | D6: Customer Service | E6: 4 out of 10 | F6: =VALUE(LEFT(E6,1)) -> 4 | G6: 34979 | H6: =TEXT(G6,"MMMM") -> October | I6: =YEAR(G6) -> 1995 | J6: =(NOW()-G6)/365.25 -> 31.004803 | K6: 41751 | L6: =ROUNDDOWN((NOW()-K6)/365.25,0) -> 12 | M6: 43764 | N6: =WORKDAY(EDATE('HR Performance Reviews'!M6,12)-1,1) -> 44130 | O6: =WORKDAY(EOMONTH(N6,-1)+1-1,1) -> 44105
A7: F1232 | B7: Connor Betts | C7: cbetts@zenco.com | D7: Sales | E7: 10 out of 10 | F7: =VALUE(LEFT(E7,1)) -> 1 | G7: 30089 | H7: =TEXT(G7,"MMMM") -> May | I7: =YEAR(G7) -> 1982 | J7: =(NOW()-G7)/365.25 -> 44.392893 | K7: 43782 | L7: =ROUNDDOWN((NOW()-K7)/365.25,0) -> 6 | M7: 43782 | N7: =WORKDAY(EDATE('HR Performance Reviews'!M7,12)-1,1) -> 44148 | O7: =WORKDAY(EOMONTH(N7,-1)+1-1,1) -> 44137
A8: P1243 | B8: Fred Binga | C8: fbinga@zenco.com | D8: Human Resources | E8: 8 out of 10 | F8: =VALUE(LEFT(E8,1)) -> 8 | G8: 28830 | H8: =TEXT(G8,"MMMM") -> December | I8: =YEAR(G8) -> 1978 | J8: =(NOW()-G8)/365.25 -> 47.839847 | K8: 42229 | L8: =ROUNDDOWN((NOW()-K8)/365.25,0) -> 11 | M8: 43895 | N8: =WORKDAY(EDATE('HR Performance Reviews'!M8,12)-1,1) -> 44260 | O8: =WORKDAY(EOMONTH(N8,-1)+1-1,1) -> 44256
A9: P1248 | B9: Yvette Biti | C9: ybiti@zenco.com | D9: Sales | E9: 7 out of 10 | F9: =VALUE(LEFT(E9,1)) -> 7 | G9: 22167 | H9: =TEXT(G9,"MMMM") -> September | I9: =YEAR(G9) -> 1960 | J9: =(NOW()-G9)/365.25 -> 66.082147 | K9: 42384 | L9: =ROUNDDOWN((NOW()-K9)/365.25,0) -> 10 | M9: 43742 | N9: =WORKDAY(EDATE('HR Performance Reviews'!M9,12)-1,1) -> 44109 | O9: =WORKDAY(EOMONTH(N9,-1)+1-1,1) -> 44105
A10: P1227 | B10: Jim Boller | C10: jboller@zenco.com | D10: Accounting | E10: 3 out of 10 | F10: =VALUE(LEFT(E10,1)) -> 3 | G10: 23531 | H10: =TEXT(G10,"MMMM") -> June | I10: =YEAR(G10) -> 1964 | J10: =(NOW()-G10)/365.25 -> 62.347719 | K10: 41893 | L10: =ROUNDDOWN((NOW()-K10)/365.25,0) -> 12 | M10: 43716 | N10: =WORKDAY(EDATE('HR Performance Reviews'!M10,12)-1,1) -> 44082 | O10: =WORKDAY(EOMONTH(N10,-1)+1-1,1) -> 44075
A11: P1230 | B11: Charlie Bui | C11: cbui@zenco.com | D11: Sales | E11: 6 out of 10 | F11: =VALUE(LEFT(E11,1)) -> 6 | G11: 22775 | H11: =TEXT(G11,"MMMM") -> May | I11: =YEAR(G11) -> 1962 | J11: =(NOW()-G11)/365.25 -> 64.417534 | K11: 41903 | L11: =ROUNDDOWN((NOW()-K11)/365.25,0) -> 12 | M11: 43761 | N11: =WORKDAY(EDATE('HR Performance Reviews'!M11,12)-1,1) -> 44127 | O11: =WORKDAY(EOMONTH(N11,-1)+1-1,1) -> 44105
A12: F1162 | B12: Barbara Carlton | C12: bcarlton@zenco.com | D12: Sales | E12: 5 out of 10 | F12: =VALUE(LEFT(E12,1)) -> 5 | G12: 32449 | H12: =TEXT(G12,"MMMM") -> November | I12: =YEAR(G12) -> 1988 | J12: =(NOW()-G12)/365.25 -> 37.931565 | K12: 42451 | L12: =ROUNDDOWN((NOW()-K12)/365.25,0) -> 10 | M12: 43808 | N12: =WORKDAY(EDATE('HR Performance Reviews'!M12,12)-1,1) -> 44174 | O12: =WORKDAY(EOMONTH(N12,-1)+1-1,1) -> 44166
A13: P1001 | B13: Joe Carol | C13: jcarol@zenco.com | D13: Executive | E13: 8 out of 10 | F13: =VALUE(LEFT(E13,1)) -> 8 | G13: 34574 | H13: =TEXT(G13,"MMMM") -> August | I13: =YEAR(G13) -> 1994 | J13: =(NOW()-G13)/365.25 -> 32.113633 | K13: 43497 | L13: =ROUNDDOWN((NOW()-K13)/365.25,0) -> 7 | M13: 43734 | N13: =WORKDAY(EDATE('HR Performance Reviews'!M13,12)-1,1) -> 44102 | O13: =WORKDAY(EOMONTH(N13,-1)+1-1,1) -> 44075
A14: F1224 | B14: Jim Chaffee | C14: jchaffee@zenco.com | D14: Facilities | E14: 4 out of 10 | F14: =VALUE(LEFT(E14,1)) -> 4 | G14: 27864 | H14: =TEXT(G14,"MMMM") -> April | I14: =YEAR(G14) -> 1976 | J14: =(NOW()-G14)/365.25 -> 50.484611 | K14: 41787 | L14: =ROUNDDOWN((NOW()-K14)/365.25,0) -> 12 | M14: 44022 | N14: =WORKDAY(EDATE('HR Performance Reviews'!M14,12)-1,1) -> 44389 | O14: =WORKDAY(EOMONTH(N14,-1)+1-1,1) -> 44378
A15: P1203 | B15: Samantha Chairs | C15: schairs@zenco.com | D15: Sales | E15: 10 out of 10 | F15: =VALUE(LEFT(E15,1)) -> 1 | G15: 32296 | H15: =TEXT(G15,"MMMM") -> June | I15: =YEAR(G15) -> 1988 | J15: =(NOW()-G15)/365.25 -> 38.350457 | K15: 40595 | L15: =ROUNDDOWN((NOW()-K15)/365.25,0) -> 15 | M15: 44040 | N15: =WORKDAY(EDATE('HR Performance Reviews'!M15,12)-1,1) -> 44405 | O15: =WORKDAY(EOMONTH(N15,-1)+1-1,1) -> 44378
A16: P1211 | B16: Uma Chaudri | C16: uchaudri@zenco.com | D16: Human Resources | E16: 4 out of 10 | F16: =VALUE(LEFT(E16,1)) -> 4 | G16: 25204 | H16: =TEXT(G16,"MMMM") -> January | I16: =YEAR(G16) -> 1969 | J16: =(NOW()-G16)/365.25 -> 57.767294 | K16: 40994 | L16: =ROUNDDOWN((NOW()-K16)/365.25,0) -> 14 | M16: 43791 | N16: =WORKDAY(EDATE('HR Performance Reviews'!M16,12)-1,1) -> 44158 | O16: =WORKDAY(EOMONTH(N16,-1)+1-1,1) -> 44137
... A39: F1237 | B39: Aanya Zhang | C39: azhang@zenco.com | D39: Sales | E39: 7 out of 10 | F39: =VALUE(LEFT(E39,1)) -> 7 | G39: 31292 | H39: =TEXT(G39,"MMMM") -> September | I39: =YEAR(G39) -> 1985 | J39: =(NOW()-G39)/365.25 -> 41.099259 | K39: 42002 | L39: =ROUNDDOWN((NOW()-K39)/365.25,0) -> 11 | M39: 43721 | N39: =WORKDAY(EDATE('HR Performance Reviews'!M39,12)-1,1) -> 44088 | O39: =WORKDAY(EOMONTH(N39,-1)+1-1,1) -> 44075
